lad_code,n,mean,rooms
E06000047,30,462,Room
E06000005,60,356,Room
E06000001,10,400,Room
E06000002,40,378,Room
E08000037,20,430,Room
E08000021,60,418,Room
E08000023,20,437,Room
E08000024,40,371,Room
E06000008,30,337,Room
E06000009,20,426,Room
E06000049,20,415,Room
E06000050,180,455,Room
E06000006,30,353,Room
E06000007,100,427,Room
E07000027,60,488,Room
E07000028,250,394,Room
E07000030,20,487,Room
E07000031,50,483,Room
E08000001,20,406,Room
E08000003,380,464,Room
E08000004,10,490,Room
E08000006,60,448,Room
E08000007,30,479,Room
E08000008,20,478,Room
E08000010,90,458,Room
E07000117,250,421,Room
E07000118,10,539,Room
E07000120,10,300,Room
E07000121,50,395,Room
E07000122,10,403,Room
E07000123,130,373,Room
E07000126,10,333,Room
E07000127,30,553,Room
E07000128,40,353,Room
E08000011,10,498,Room
E08000012,500,427,Room
E08000014,30,369,Room
E08000013,80,394,Room
E08000015,10,355,Room
E06000011,10,336,Room
E06000010,440,416,Room
E06000012,270,439,Room
E06000013,40,364,Room
E06000014,90,506,Room
E07000163,10,476,Room
E07000165,40,511,Room
E07000168,40,404,Room
E08000016,110,385,Room
E08000017,580,403,Room
E08000018,30,393,Room
E08000019,110,420,Room
E08000032,200,391,Room
E08000033,60,422,Room
E08000034,30,363,Room
E08000035,70,414,Room
E08000036,30,353,Room
E06000015,110,446,Room
E06000016,50,406,Room
E06000018,440,421,Room
E07000034,40,461,Room
E07000036,40,477,Room
E07000037,130,400,Room
E07000130,440,462,Room
E07000134,10,454,Room
E07000136,80,482,Room
E07000137,140,412,Room
E07000138,120,410,Room
E07000140,60,425,Room
E07000142,20,447,Room
E07000150,100,477,Room
E07000153,50,456,Room
E07000154,210,517,Room
E07000170,20,378,Room
E07000171,30,336,Room
E07000172,100,489,Room
E07000173,30,567,Room
E07000174,30,429,Room
E07000175,90,491,Room
E07000176,110,463,Room
E06000019,50,451,Room
E06000021,210,355,Room
E06000020,190,429,Room
E07000192,20,429,Room
E07000193,60,440,Room
E07000194,10,470,Room
E07000195,70,389,Room
E07000197,60,409,Room
E07000199,20,515,Room
E07000218,10,550,Room
E07000219,10,449,Room
E07000220,20,464,Room
E07000221,10,635,Room
E07000222,270,483,Room
E08000025,120,463,Room
E08000026,240,480,Room
E08000027,10,338,Room
E08000028,10,449,Room
E08000030,20,374,Room
E08000031,20,364,Room
E07000234,10,362,Room
E07000236,30,422,Room
E07000237,180,469,Room
E07000239,20,463,Room
E06000055,80,501,Room
E06000056,30,539,Room
E06000032,250,481,Room
E06000031,450,455,Room
E06000033,240,484,Room
E06000034,20,631,Room
E07000008,170,628,Room
E07000010,20,453,Room
E07000011,20,595,Room
E07000012,60,622,Room
E07000066,100,630,Room
E07000068,20,533,Room
E07000070,180,550,Room
E07000071,30,493,Room
E07000073,10,487,Room
E07000075,10,529,Room
E07000076,10,322,Room
E07000096,80,545,Room
E07000242,130,567,Room
E07000099,30,514,Room
E07000240,20,575,Room
E07000243,40,464,Room
E07000103,20,634,Room
E07000241,10,492,Room
E07000144,10,427,Room
E07000145,10,410,Room
E07000146,10,476,Room
E07000148,130,477,Room
E07000244,10,443,Room
E07000202,30,429,Room
E07000245,10,484,Room
E09000007,10,1065,Room
E09000014,90,736,Room
E09000019,20,729,Room
E09000020,40,890,Room
E09000022,20,773,Room
E09000023,70,735,Room
E09000025,60,637,Room
E09000028,10,768,Room
E09000030,40,765,Room
E09000032,40,715,Room
E09000033,60,888,Room
E09000002,10,553,Room
E09000003,30,626,Room
E09000005,30,804,Room
E09000008,30,642,Room
E09000009,20,719,Room
E09000010,10,621,Room
E09000011,30,628,Room
E09000015,10,631,Room
E09000016,10,675,Room
E09000017,50,623,Room
E09000018,60,576,Room
E09000021,60,551,Room
E09000024,10,532,Room
E09000026,60,731,Room
E09000027,10,789,Room
E09000031,30,584,Room
E06000036,80,475,Room
E06000043,380,625,Room
E06000060,180,564,Room
E06000046,40,399,Room
E06000035,130,482,Room
E06000042,40,545,Room
E06000044,300,538,Room
E06000038,180,560,Room
E06000039,10,559,Room
E06000045,30,406,Room
E06000037,20,601,Room
E06000040,10,560,Room
E06000041,10,591,Room
E07000061,160,505,Room
E07000062,60,475,Room
E07000064,10,386,Room
E07000084,70,516,Room
E07000086,20,458,Room
E07000087,10,511,Room
E07000088,30,522,Room
E07000089,10,592,Room
E07000091,10,459,Room
E07000092,120,516,Room
E07000093,40,562,Room
E07000094,100,479,Room
E07000105,190,457,Room
E07000106,340,437,Room
E07000108,30,427,Room
E07000112,30,518,Room
E07000109,10,527,Room
E07000110,140,521,Room
E07000113,20,600,Room
E07000114,60,449,Room
E07000116,50,581,Room
E07000177,10,537,Room
E07000178,320,574,Room
E07000180,10,602,Room
E07000207,10,777,Room
E07000208,40,667,Room
E07000209,40,594,Room
E07000211,20,678,Room
E07000212,10,722,Room
E07000213,50,684,Room
E07000214,10,583,Room
E07000216,30,560,Room
E07000224,60,456,Room
E07000225,30,475,Room
E07000226,70,551,Room
E07000227,10,543,Room
E07000229,40,595,Room
E06000022,270,578,Room
E06000058,540,456,Room
E06000023,120,590,Room
E06000052,230,418,Room
E06000059,30,503,Room
E06000024,80,500,Room
E06000026,950,438,Room
E06000025,100,594,Room
E06000030,80,485,Room
E06000027,90,422,Room
E06000054,70,549,Room
E07000040,10,412,Room
E07000041,210,552,Room
E07000042,10,392,Room
E07000043,50,446,Room
E07000045,20,484,Room
E07000078,60,485,Room
E07000081,40,467,Room
E07000187,30,441,Room
E07000188,130,526,Room
E07000246,50,457,Room
E07000189,130,468,Room
E06000047,10,457,Studio
E06000005,30,362,Studio
E06000001,10,404,Studio
E08000037,10,506,Studio
E08000021,10,502,Studio
E08000024,10,449,Studio
E06000008,20,357,Studio
E06000009,30,322,Studio
E06000049,40,531,Studio
E06000050,20,448,Studio
E06000006,10,437,Studio
E06000007,20,461,Studio
E07000026,10,362,Studio
E07000028,10,359,Studio
E07000029,10,374,Studio
E07000030,10,425,Studio
E07000031,10,465,Studio
E08000002,10,495,Studio
E08000003,80,647,Studio
E08000005,10,371,Studio
E08000006,60,693,Studio
E08000007,10,564,Studio
E08000008,10,401,Studio
E08000009,10,570,Studio
E08000010,20,427,Studio
E07000119,10,395,Studio
E07000120,10,315,Studio
E07000121,10,455,Studio
E07000123,20,382,Studio
E07000126,10,383,Studio
E07000128,20,371,Studio
E08000012,120,507,Studio
E08000014,30,454,Studio
E08000013,10,439,Studio
E06000011,10,324,Studio
E06000010,20,296,Studio
E06000014,40,536,Studio
E07000165,20,493,Studio
E07000168,10,367,Studio
E08000016,30,373,Studio
E08000017,60,489,Studio
E08000018,20,426,Studio
E08000019,200,515,Studio
E08000032,60,419,Studio
E08000033,10,328,Studio
E08000034,10,383,Studio
E08000035,220,555,Studio
E08000036,20,450,Studio
E06000015,70,505,Studio
E06000016,140,505,Studio
E06000018,90,501,Studio
E07000036,10,437,Studio
E07000130,20,519,Studio
E07000136,20,400,Studio
E07000137,10,391,Studio
E07000138,10,423,Studio
E07000139,10,337,Studio
E07000140,10,429,Studio
E07000141,20,399,Studio
E07000150,10,615,Studio
E07000151,10,474,Studio
E07000153,10,524,Studio
E07000154,40,611,Studio
E07000170,10,461,Studio
E07000171,10,333,Studio
E07000174,10,326,Studio
E07000175,10,381,Studio
E07000176,10,429,Studio
E06000019,20,409,Studio
E06000051,30,379,Studio
E06000020,10,387,Studio
E07000193,10,453,Studio
E07000194,20,469,Studio
E07000197,10,565,Studio
E07000199,10,670,Studio
E07000218,10,516,Studio
E07000219,10,450,Studio
E07000220,10,537,Studio
E07000221,10,494,Studio
E07000222,30,567,Studio
E08000025,130,593,Studio
E08000026,50,505,Studio
E08000027,40,418,Studio
E08000028,20,488,Studio
E08000030,20,392,Studio
E08000031,50,461,Studio
E07000237,10,470,Studio
E07000239,10,431,Studio
E06000055,50,569,Studio
E06000056,20,599,Studio
E06000032,160,595,Studio
E06000031,70,526,Studio
E06000033,80,572,Studio
E06000034,70,656,Studio
E07000008,70,885,Studio
E07000011,30,577,Studio
E07000012,10,752,Studio
E07000066,20,669,Studio
E07000068,20,761,Studio
E07000069,10,915,Studio
E07000070,40,660,Studio
E07000071,30,597,Studio
E07000073,10,768,Studio
E07000075,10,596,Studio
E07000077,10,620,Studio
E07000095,10,814,Studio
E07000096,40,776,Studio
E07000242,30,722,Studio
E07000098,10,781,Studio
E07000099,30,647,Studio
E07000240,30,751,Studio
E07000243,20,714,Studio
E07000102,10,886,Studio
E07000103,20,836,Studio
E07000241,60,700,Studio
E07000145,10,392,Studio
E07000146,20,448,Studio
E07000147,10,503,Studio
E07000148,40,599,Studio
E07000200,10,423,Studio
E07000244,80,389,Studio
E07000202,10,485,Studio
E07000245,10,650,Studio
E09000007,150,1026,Studio
E09000001,20,1696,Studio
E09000012,50,1208,Studio
E09000013,70,1132,Studio
E09000014,80,938,Studio
E09000019,40,1084,Studio
E09000020,380,1556,Studio
E09000022,50,931,Studio
E09000023,70,991,Studio
E09000025,30,1081,Studio
E09000028,60,1156,Studio
E09000030,70,1440,Studio
E09000032,30,1112,Studio
E09000033,110,1423,Studio
E09000002,10,783,Studio
E09000003,110,962,Studio
E09000004,20,880,Studio
E09000005,50,884,Studio
E09000006,40,847,Studio
E09000008,80,856,Studio
E09000009,70,993,Studio
E09000010,30,856,Studio
E09000011,40,962,Studio
E09000015,30,816,Studio
E09000016,10,799,Studio
E09000017,70,879,Studio
E09000018,70,883,Studio
E09000021,10,870,Studio
E09000024,10,1000,Studio
E09000026,30,843,Studio
E09000027,40,1009,Studio
E09000029,60,791,Studio
E09000031,30,888,Studio
E06000036,20,759,Studio
E06000043,130,788,Studio
E06000060,60,646,Studio
E06000046,40,455,Studio
E06000035,60,654,Studio
E06000042,60,739,Studio
E06000044,80,614,Studio
E06000038,140,684,Studio
E06000039,70,709,Studio
E06000045,170,647,Studio
E06000037,40,653,Studio
E06000040,40,746,Studio
E06000041,30,636,Studio
E07000061,30,580,Studio
E07000062,40,472,Studio
E07000063,20,718,Studio
E07000064,20,549,Studio
E07000084,60,638,Studio
E07000085,10,594,Studio
E07000086,20,534,Studio
E07000087,10,621,Studio
E07000088,30,597,Studio
E07000089,10,692,Studio
E07000090,10,579,Studio
E07000091,50,572,Studio
E07000092,20,680,Studio
E07000093,10,650,Studio
E07000094,20,678,Studio
E07000105,10,616,Studio
E07000106,20,711,Studio
E07000107,30,735,Studio
E07000108,30,498,Studio
E07000112,40,451,Studio
E07000109,30,642,Studio
E07000110,100,634,Studio
E07000111,10,701,Studio
E07000113,10,603,Studio
E07000114,20,584,Studio
E07000115,10,724,Studio
E07000116,40,689,Studio
E07000177,30,665,Studio
E07000178,50,831,Studio
E07000179,10,675,Studio
E07000180,10,766,Studio
E07000181,10,650,Studio
E07000207,10,847,Studio
E07000208,10,851,Studio
E07000209,20,807,Studio
E07000210,40,777,Studio
E07000211,20,756,Studio
E07000212,20,748,Studio
E07000213,10,873,Studio
E07000215,10,754,Studio
E07000216,10,750,Studio
E07000217,60,863,Studio
E07000223,10,734,Studio
E07000224,20,608,Studio
E07000225,10,624,Studio
E07000226,20,761,Studio
E07000227,50,706,Studio
E07000229,50,666,Studio
E06000022,120,790,Studio
E06000058,310,588,Studio
E06000023,190,821,Studio
E06000052,140,528,Studio
E06000059,40,474,Studio
E06000024,30,524,Studio
E06000026,180,483,Studio
E06000025,10,704,Studio
E06000030,60,570,Studio
E06000027,50,454,Studio
E06000054,40,553,Studio
E07000040,20,491,Studio
E07000041,30,650,Studio
E07000042,10,471,Studio
E07000043,30,441,Studio
E07000045,20,512,Studio
E07000046,10,427,Studio
E07000047,10,380,Studio
E07000078,10,554,Studio
E07000081,10,500,Studio
E07000082,10,502,Studio
E07000083,10,483,Studio
E07000187,20,473,Studio
E07000188,30,521,Studio
E07000246,60,495,Studio
E07000189,60,448,Studio
E06000047,240,423,One
E06000005,260,405,One
E06000001,60,398,One
E06000002,70,447,One
E06000057,190,423,One
E06000003,100,429,One
E06000004,120,457,One
E08000037,110,511,One
E08000021,270,667,One
E08000022,150,478,One
E08000023,40,419,One
E08000024,140,454,One
E06000008,130,455,One
E06000009,370,419,One
E06000049,420,597,One
E06000050,330,613,One
E06000006,120,451,One
E06000007,360,543,One
E07000026,130,415,One
E07000027,70,484,One
E07000028,180,409,One
E07000029,130,458,One
E07000030,60,491,One
E07000031,220,569,One
E08000001,150,531,One
E08000002,90,538,One
E08000003,1330,820,One
E08000004,60,544,One
E08000005,80,461,One
E08000006,390,769,One
E08000007,280,649,One
E08000008,100,544,One
E08000009,210,737,One
E08000010,280,441,One
E07000117,50,426,One
E07000118,80,506,One
E07000119,190,481,One
E07000120,70,408,One
E07000121,270,509,One
E07000122,80,452,One
E07000123,220,491,One
E07000124,80,503,One
E07000125,50,474,One
E07000126,70,463,One
E07000127,20,467,One
E07000128,120,462,One
E08000011,20,474,One
E08000012,660,565,One
E08000014,240,497,One
E08000013,130,485,One
E08000015,230,472,One
E06000011,230,442,One
E06000010,410,415,One
E06000012,120,406,One
E06000013,90,408,One
E06000014,660,746,One
E07000163,150,519,One
E07000164,70,474,One
E07000165,410,612,One
E07000166,80,459,One
E07000167,50,503,One
E07000168,220,449,One
E07000169,60,448,One
E08000016,150,446,One
E08000017,260,453,One
E08000018,170,453,One
E08000019,1130,613,One
E08000032,530,468,One
E08000033,290,461,One
E08000034,340,474,One
E08000035,1570,704,One
E08000036,230,506,One
E06000015,430,486,One
E06000016,470,576,One
E06000018,690,661,One
E06000017,20,560,One
E07000032,120,505,One
E07000033,40,471,One
E07000034,210,469,One
E07000035,70,530,One
E07000036,150,514,One
E07000037,60,519,One
E07000038,50,479,One
E07000039,100,532,One
E07000129,20,617,One
E07000130,190,567,One
E07000131,10,619,One
E07000132,100,526,One
E07000133,60,467,One
E07000134,60,543,One
E07000135,30,582,One
E07000136,230,548,One
E07000137,230,451,One
E07000138,190,602,One
E07000139,30,517,One
E07000140,160,545,One
E07000141,230,477,One
E07000142,40,449,One
E07000150,30,651,One
E07000151,40,652,One
E07000152,50,571,One
E07000153,140,584,One
E07000154,430,664,One
E07000155,30,775,One
E07000156,100,555,One
E07000170,80,476,One
E07000171,100,431,One
E07000172,90,577,One
E07000173,100,534,One
E07000174,160,495,One
E07000175,150,491,One
E07000176,90,618,One
E06000019,260,525,One
E06000051,360,513,One
E06000021,210,436,One
E06000020,150,524,One
E07000192,150,487,One
E07000193,170,510,One
E07000194,100,629,One
E07000195,90,484,One
E07000196,20,585,One
E07000197,240,542,One
E07000198,80,431,One
E07000199,70,608,One
E07000218,50,574,One
E07000219,110,520,One
E07000220,160,605,One
E07000221,160,714,One
E07000222,330,772,One
E08000025,1290,705,One
E08000026,260,665,One
E08000027,270,516,One
E08000028,170,551,One
E08000029,140,715,One
E08000030,100,529,One
E08000031,200,497,One
E07000234,80,546,One
E07000235,70,606,One
E07000236,120,562,One
E07000237,210,600,One
E07000238,140,580,One
E07000239,170,502,One
E06000055,480,677,One
E06000056,420,729,One
E06000032,790,716,One
E06000031,550,614,One
E06000033,1130,718,One
E06000034,560,799,One
E07000008,540,1124,One
E07000009,120,658,One
E07000010,180,553,One
E07000011,390,674,One
E07000012,160,874,One
E07000066,470,824,One
E07000067,150,732,One
E07000068,240,963,One
E07000069,150,762,One
E07000070,540,833,One
E07000071,390,681,One
E07000072,130,957,One
E07000073,340,800,One
E07000074,40,667,One
E07000075,110,751,One
E07000076,230,608,One
E07000077,90,798,One
E07000095,170,917,One
E07000096,380,916,One
E07000242,390,891,One
E07000098,150,1023,One
E07000099,220,811,One
E07000240,390,990,One
E07000243,240,806,One
E07000102,110,1045,One
E07000103,270,1034,One
E07000241,260,862,One
E07000143,210,579,One
E07000144,100,601,One
E07000145,210,486,One
E07000146,290,574,One
E07000147,130,560,One
E07000148,470,690,One
E07000149,40,627,One
E07000200,100,644,One
E07000244,480,492,One
E07000202,250,592,One
E07000203,30,578,One
E07000245,130,744,One
E09000007,420,1663,One
E09000001,40,1977,One
E09000012,330,1553,One
E09000013,410,1552,One
E09000014,370,1359,One
E09000019,390,1607,One
E09000020,1030,2364,One
E09000022,430,1455,One
E09000023,480,1182,One
E09000025,500,1262,One
E09000028,790,1542,One
E09000030,430,1598,One
E09000032,390,1547,One
E09000033,460,2225,One
E09000002,200,1046,One
E09000003,540,1232,One
E09000004,160,1010,One
E09000005,170,1224,One
E09000006,730,1085,One
E09000008,450,1006,One
E09000009,460,1288,One
E09000010,190,1096,One
E09000011,410,1242,One
E09000015,250,1111,One
E09000016,200,974,One
E09000017,620,1034,One
E09000018,370,1270,One
E09000021,190,1157,One
E09000024,170,1321,One
E09000026,360,1097,One
E09000027,340,1299,One
E09000029,380,994,One
E09000031,460,1183,One
E06000036,450,838,One
E06000043,710,1026,One
E06000060,660,869,One
E06000046,450,543,One
E06000035,600,739,One
E06000042,370,893,One
E06000044,680,726,One
E06000038,1250,897,One
E06000039,350,868,One
E06000045,1250,712,One
E06000037,290,783,One
E06000040,380,980,One
E06000041,340,832,One
E07000061,250,753,One
E07000062,300,618,One
E07000063,160,835,One
E07000064,100,687,One
E07000065,130,793,One
E07000084,530,801,One
E07000085,100,761,One
E07000086,340,728,One
E07000087,180,718,One
E07000088,310,661,One
E07000089,240,843,One
E07000090,220,749,One
E07000091,290,726,One
E07000092,380,809,One
E07000093,110,759,One
E07000094,210,856,One
E07000105,170,788,One
E07000106,320,744,One
E07000107,210,899,One
E07000108,250,567,One
E07000112,380,545,One
E07000109,220,746,One
E07000110,240,761,One
E07000111,140,961,One
E07000113,120,704,One
E07000114,320,619,One
E07000115,120,849,One
E07000116,300,835,One
E07000177,220,823,One
E07000178,430,1124,One
E07000179,150,901,One
E07000180,180,847,One
E07000181,90,858,One
E07000207,260,1033,One
E07000208,130,1047,One
E07000209,360,1002,One
E07000210,180,921,One
E07000211,360,938,One
E07000212,210,959,One
E07000213,160,1009,One
E07000214,210,859,One
E07000215,110,953,One
E07000216,190,913,One
E07000217,460,979,One
E07000223,50,859,One
E07000224,250,704,One
E07000225,180,800,One
E07000226,250,892,One
E07000227,350,847,One
E07000228,210,857,One
E07000229,350,812,One
E06000022,670,913,One
E06000058,1610,733,One
E06000023,1150,995,One
E06000052,1340,603,One
E06000059,520,640,One
E06000053,10,509,One
E06000024,450,704,One
E06000026,1040,598,One
E06000025,220,830,One
E06000030,410,686,One
E06000027,480,535,One
E06000054,620,654,One
E07000040,270,557,One
E07000041,320,730,One
E07000042,160,559,One
E07000043,180,528,One
E07000044,110,648,One
E07000045,210,582,One
E07000046,80,497,One
E07000047,70,520,One
E07000078,310,721,One
E07000079,80,742,One
E07000080,40,535,One
E07000081,120,635,One
E07000082,160,617,One
E07000083,170,572,One
E07000187,190,612,One
E07000188,130,587,One
E07000246,260,581,One
E07000189,500,548,One
E06000047,2030,483,Two
E06000005,1100,501,Two
E06000001,300,465,Two
E06000002,370,515,Two
E06000057,970,510,Two
E06000003,300,498,Two
E06000004,490,552,Two
E08000037,730,586,Two
E08000021,850,767,Two
E08000022,820,591,Two
E08000023,400,503,Two
E08000024,670,536,Two
E06000008,740,515,Two
E06000009,650,549,Two
E06000049,1960,790,Two
E06000050,1230,737,Two
E06000006,500,561,Two
E06000007,1090,660,Two
E07000026,470,509,Two
E07000027,450,560,Two
E07000028,790,515,Two
E07000029,370,532,Two
E07000030,270,583,Two
E07000031,590,702,Two
E08000001,830,623,Two
E08000002,480,694,Two
E08000003,3050,979,Two
E08000004,370,624,Two
E08000005,550,571,Two
E08000006,1060,862,Two
E08000007,1020,802,Two
E08000008,620,662,Two
E08000009,690,957,Two
E08000010,1660,549,Two
E07000117,590,480,Two
E07000118,400,608,Two
E07000119,310,670,Two
E07000120,570,482,Two
E07000121,710,619,Two
E07000122,460,506,Two
E07000123,570,605,Two
E07000124,300,639,Two
E07000125,270,576,Two
E07000126,380,608,Two
E07000127,120,607,Two
E07000128,430,629,Two
E08000011,100,573,Two
E08000012,1770,682,Two
E08000014,550,648,Two
E08000013,700,565,Two
E08000015,950,619,Two
E06000011,770,556,Two
E06000010,1150,482,Two
E06000012,390,520,Two
E06000013,330,515,Two
E06000014,1710,881,Two
E07000163,350,636,Two
E07000164,250,610,Two
E07000165,1060,836,Two
E07000166,270,557,Two
E07000167,230,651,Two
E07000168,370,591,Two
E07000169,140,644,Two
E08000016,690,507,Two
E08000017,960,559,Two
E08000018,750,541,Two
E08000019,2140,712,Two
E08000032,1280,589,Two
E08000033,900,557,Two
E08000034,1060,572,Two
E08000035,3220,864,Two
E08000036,790,616,Two
E06000015,1880,624,Two
E06000016,770,723,Two
E06000018,1520,775,Two
E06000017,100,683,Two
E07000032,400,612,Two
E07000033,270,559,Two
E07000034,650,577,Two
E07000035,290,673,Two
E07000036,570,650,Two
E07000037,180,682,Two
E07000038,250,608,Two
E07000039,370,659,Two
E07000129,90,722,Two
E07000130,630,680,Two
E07000131,80,722,Two
E07000132,260,672,Two
E07000133,200,625,Two
E07000134,270,672,Two
E07000135,110,729,Two
E07000136,700,653,Two
E07000137,710,549,Two
E07000138,680,690,Two
E07000139,360,637,Two
E07000140,500,653,Two
E07000141,680,643,Two
E07000142,270,564,Two
E07000150,260,755,Two
E07000151,160,780,Two
E07000152,210,744,Two
E07000153,430,727,Two
E07000154,1090,785,Two
E07000155,140,840,Two
E07000156,210,713,Two
E07000170,490,586,Two
E07000171,270,555,Two
E07000172,360,727,Two
E07000173,380,674,Two
E07000174,650,570,Two
E07000175,390,609,Two
E07000176,430,741,Two
E06000019,560,673,Two
E06000051,910,640,Two
E06000021,1430,504,Two
E06000020,500,637,Two
E07000192,310,646,Two
E07000193,500,651,Two
E07000194,410,786,Two
E07000195,440,615,Two
E07000196,100,703,Two
E07000197,510,650,Two
E07000198,240,548,Two
E07000199,250,715,Two
E07000218,220,694,Two
E07000219,420,645,Two
E07000220,290,757,Two
E07000221,460,864,Two
E07000222,1000,933,Two
E08000025,2180,832,Two
E08000026,790,767,Two
E08000027,520,672,Two
E08000028,550,695,Two
E08000029,560,877,Two
E08000030,430,651,Two
E08000031,300,665,Two
E07000234,150,746,Two
E07000235,180,755,Two
E07000236,170,720,Two
E07000237,440,738,Two
E07000238,340,748,Two
E07000239,360,640,Two
E06000055,870,855,Two
E06000056,1430,926,Two
E06000032,840,901,Two
E06000031,1220,737,Two
E06000033,1620,951,Two
E06000034,1060,994,Two
E07000008,840,1391,Two
E07000009,400,823,Two
E07000010,400,697,Two
E07000011,920,829,Two
E07000012,570,1085,Two
E07000066,740,1051,Two
E07000067,430,893,Two
E07000068,530,1220,Two
E07000069,290,985,Two
E07000070,1040,1028,Two
E07000071,960,844,Two
E07000072,240,1260,Two
E07000073,450,1032,Two
E07000074,70,857,Two
E07000075,270,1005,Two
E07000076,670,783,Two
E07000077,220,994,Two
E07000095,300,1137,Two
E07000096,530,1173,Two
E07000242,830,1157,Two
E07000098,310,1363,Two
E07000099,380,1032,Two
E07000240,720,1382,Two
E07000243,270,1055,Two
E07000102,220,1309,Two
E07000103,380,1325,Two
E07000241,410,1143,Two
E07000143,530,712,Two
E07000144,360,749,Two
E07000145,510,627,Two
E07000146,720,703,Two
E07000147,450,696,Two
E07000148,960,822,Two
E07000149,200,755,Two
E07000200,330,783,Two
E07000244,650,684,Two
E07000202,780,701,Two
E07000203,130,773,Two
E07000245,700,953,Two
E09000007,510,2319,Two
E09000001,20,2503,Two
E09000012,330,1954,Two
E09000013,460,2088,Two
E09000014,500,1675,Two
E09000019,320,2133,Two
E09000020,1040,3174,Two
E09000022,560,1847,Two
E09000023,650,1457,Two
E09000025,590,1532,Two
E09000028,1060,1988,Two
E09000030,520,1984,Two
E09000032,730,1911,Two
E09000033,400,3260,Two
E09000002,340,1266,Two
E09000003,1020,1524,Two
E09000004,290,1265,Two
E09000005,270,1513,Two
E09000006,980,1380,Two
E09000008,640,1274,Two
E09000009,700,1591,Two
E09000010,330,1372,Two
E09000011,690,1510,Two
E09000015,570,1386,Two
E09000016,330,1238,Two
E09000017,980,1321,Two
E09000018,550,1517,Two
E09000021,290,1496,Two
E09000024,350,1644,Two
E09000026,580,1364,Two
E09000027,540,1753,Two
E09000029,490,1279,Two
E09000031,630,1449,Two
E06000036,650,1076,Two
E06000043,940,1367,Two
E06000060,1270,1119,Two
E06000046,1090,703,Two
E06000035,960,915,Two
E06000042,820,1064,Two
E06000044,1190,939,Two
E06000038,1870,1119,Two
E06000039,320,1126,Two
E06000045,1740,923,Two
E06000037,580,1016,Two
E06000040,840,1297,Two
E06000041,850,1081,Two
E07000061,510,955,Two
E07000062,420,784,Two
E07000063,330,1110,Two
E07000064,300,913,Two
E07000065,280,1062,Two
E07000084,890,969,Two
E07000085,170,994,Two
E07000086,830,902,Two
E07000087,540,896,Two
E07000088,850,816,Two
E07000089,400,1061,Two
E07000090,320,889,Two
E07000091,690,965,Two
E07000092,530,1011,Two
E07000093,290,976,Two
E07000094,620,1067,Two
E07000105,520,939,Two
E07000106,590,981,Two
E07000107,420,1163,Two
E07000108,410,738,Two
E07000112,620,732,Two
E07000109,400,965,Two
E07000110,580,956,Two
E07000111,330,1280,Two
E07000113,290,890,Two
E07000114,470,834,Two
E07000115,330,1112,Two
E07000116,420,1177,Two
E07000177,460,1017,Two
E07000178,960,1376,Two
E07000179,430,1091,Two
E07000180,440,1020,Two
E07000181,190,1081,Two
E07000207,540,1358,Two
E07000208,250,1274,Two
E07000209,600,1321,Two
E07000210,310,1233,Two
E07000211,490,1269,Two
E07000212,340,1260,Two
E07000213,190,1287,Two
E07000214,390,1072,Two
E07000215,270,1242,Two
E07000216,360,1214,Two
E07000217,660,1286,Two
E07000223,120,1112,Two
E07000224,390,960,Two
E07000225,430,1042,Two
E07000226,410,1125,Two
E07000227,710,1095,Two
E07000228,390,1075,Two
E07000229,490,1048,Two
E06000022,1060,1170,Two
E06000058,2780,954,Two
E06000023,1780,1266,Two
E06000052,3210,758,Two
E06000059,1160,824,Two
E06000053,10,628,Two
E06000024,970,888,Two
E06000026,1700,749,Two
E06000025,800,1011,Two
E06000030,1030,779,Two
E06000027,660,724,Two
E06000054,1610,801,Two
E07000040,660,738,Two
E07000041,590,924,Two
E07000042,420,708,Two
E07000043,360,694,Two
E07000044,440,798,Two
E07000045,490,767,Two
E07000046,230,643,Two
E07000047,250,659,Two
E07000078,500,931,Two
E07000079,150,910,Two
E07000080,100,707,Two
E07000081,290,780,Two
E07000082,310,790,Two
E07000083,360,736,Two
E07000187,450,817,Two
E07000188,410,743,Two
E07000246,740,757,Two
E07000189,890,725,Two
E06000047,1580,571,Three
E06000005,510,609,Three
E06000001,250,539,Three
E06000002,380,596,Three
E06000057,620,646,Three
E06000003,290,578,Three
E06000004,560,642,Three
E08000037,280,672,Three
E08000021,410,897,Three
E08000022,350,754,Three
E08000023,210,614,Three
E08000024,400,617,Three
E06000008,390,613,Three
E06000009,530,640,Three
E06000049,1180,1001,Three
E06000050,840,884,Three
E06000006,320,678,Three
E06000007,500,876,Three
E07000026,290,659,Three
E07000027,200,691,Three
E07000028,420,632,Three
E07000029,250,621,Three
E07000030,200,716,Three
E07000031,340,850,Three
E08000001,430,804,Three
E08000002,260,881,Three
E08000003,880,1164,Three
E08000004,210,801,Three
E08000005,320,716,Three
E08000006,410,1015,Three
E08000007,530,1033,Three
E08000008,330,821,Three
E08000009,430,1231,Three
E08000010,960,657,Three
E07000117,220,564,Three
E07000118,320,739,Three
E07000119,190,838,Three
E07000120,240,577,Three
E07000121,320,740,Three
E07000122,210,592,Three
E07000123,340,683,Three
E07000124,230,836,Three
E07000125,160,700,Three
E07000126,300,733,Three
E07000127,220,656,Three
E07000128,300,708,Three
E08000011,160,724,Three
E08000012,1180,758,Three
E08000014,500,787,Three
E08000013,430,721,Three
E08000015,820,752,Three
E06000011,460,681,Three
E06000010,570,571,Three
E06000012,590,569,Three
E06000013,350,616,Three
E06000014,700,1035,Three
E07000163,210,740,Three
E07000164,170,751,Three
E07000165,610,1063,Three
E07000166,180,690,Three
E07000167,220,747,Three
E07000168,180,711,Three
E07000169,80,790,Three
E08000016,540,606,Three
E08000017,1140,629,Three
E08000018,1220,597,Three
E08000019,1400,768,Three
E08000032,850,697,Three
E08000033,410,687,Three
E08000034,550,712,Three
E08000035,1160,1007,Three
E08000036,440,739,Three
E06000015,1090,746,Three
E06000016,450,847,Three
E06000018,1220,843,Three
E06000017,110,821,Three
E07000032,280,752,Three
E07000033,370,614,Three
E07000034,440,673,Three
E07000035,220,800,Three
E07000036,450,773,Three
E07000037,110,836,Three
E07000038,210,752,Three
E07000039,270,834,Three
E07000129,120,869,Three
E07000130,520,831,Three
E07000131,40,890,Three
E07000132,190,812,Three
E07000133,220,756,Three
E07000134,240,812,Three
E07000135,110,894,Three
E07000136,530,772,Three
E07000137,520,678,Three
E07000138,450,770,Three
E07000139,400,775,Three
E07000140,370,765,Three
E07000141,670,771,Three
E07000142,280,650,Three
E07000150,330,852,Three
E07000151,130,943,Three
E07000152,180,894,Three
E07000153,300,863,Three
E07000154,650,958,Three
E07000155,120,1107,Three
E07000156,180,817,Three
E07000170,560,660,Three
E07000171,290,693,Three
E07000172,390,814,Three
E07000173,310,813,Three
E07000174,770,670,Three
E07000175,390,715,Three
E07000176,280,962,Three
E06000019,340,856,Three
E06000051,620,792,Three
E06000021,680,638,Three
E06000020,380,775,Three
E07000192,240,794,Three
E07000193,340,812,Three
E07000194,310,982,Three
E07000195,380,737,Three
E07000196,110,838,Three
E07000197,510,778,Three
E07000198,150,707,Three
E07000199,230,867,Three
E07000218,190,821,Three
E07000219,370,764,Three
E07000220,160,908,Three
E07000221,280,1123,Three
E07000222,390,1172,Three
E08000025,1760,925,Three
E08000026,640,883,Three
E08000027,400,825,Three
E08000028,550,828,Three
E08000029,470,1058,Three
E08000030,380,801,Three
E08000031,310,794,Three
E07000234,140,987,Three
E07000235,130,891,Three
E07000236,180,815,Three
E07000237,210,900,Three
E07000238,290,947,Three
E07000239,330,773,Three
E06000055,650,1071,Three
E06000056,630,1182,Three
E06000032,600,1150,Three
E06000031,1110,860,Three
E06000033,660,1181,Three
E06000034,620,1248,Three
E07000008,420,1574,Three
E07000009,240,1043,Three
E07000010,350,832,Three
E07000011,580,1012,Three
E07000012,460,1240,Three
E07000066,550,1280,Three
E07000067,250,1138,Three
E07000068,190,1665,Three
E07000069,180,1205,Three
E07000070,580,1272,Three
E07000071,500,1086,Three
E07000072,140,1605,Three
E07000073,290,1258,Three
E07000074,40,1079,Three
E07000075,180,1257,Three
E07000076,380,982,Three
E07000077,180,1239,Three
E07000095,130,1517,Three
E07000096,230,1492,Three
E07000242,290,1521,Three
E07000098,160,1721,Three
E07000099,190,1325,Three
E07000240,270,1877,Three
E07000243,180,1286,Three
E07000102,110,1691,Three
E07000103,130,1565,Three
E07000241,250,1456,Three
E07000143,490,883,Three
E07000144,370,907,Three
E07000145,340,730,Three
E07000146,570,865,Three
E07000147,280,862,Three
E07000148,690,907,Three
E07000149,220,946,Three
E07000200,220,928,Three
E07000244,590,804,Three
E07000202,680,808,Three
E07000203,100,943,Three
E07000245,700,1171,Three
E09000007,190,3200,Three
E09000012,160,2410,Three
E09000013,150,2979,Three
E09000014,160,2072,Three
E09000019,130,2571,Three
E09000020,340,4957,Three
E09000022,220,2329,Three
E09000023,240,1840,Three
E09000025,330,1795,Three
E09000028,320,2413,Three
E09000030,150,2380,Three
E09000032,300,2517,Three
E09000033,140,5008,Three
E09000002,240,1505,Three
E09000003,370,2012,Three
E09000004,250,1525,Three
E09000005,210,1853,Three
E09000006,420,1749,Three
E09000008,250,1552,Three
E09000009,270,1992,Three
E09000010,200,1684,Three
E09000011,330,1808,Three
E09000015,380,1759,Three
E09000016,260,1485,Three
E09000017,560,1534,Three
E09000018,290,1782,Three
E09000021,120,1975,Three
E09000024,160,2267,Three
E09000026,320,1672,Three
E09000027,240,2356,Three
E09000029,160,1663,Three
E09000031,300,1751,Three
E06000036,310,1286,Three
E06000043,440,1835,Three
E06000060,690,1476,Three
E06000046,570,904,Three
E06000035,740,1064,Three
E06000042,510,1262,Three
E06000044,700,1094,Three
E06000038,620,1279,Three
E06000039,160,1442,Three
E06000045,750,1126,Three
E06000037,270,1280,Three
E06000040,450,1595,Three
E06000041,630,1318,Three
E07000061,240,1140,Three
E07000062,200,1008,Three
E07000063,260,1314,Three
E07000064,150,1192,Three
E07000065,180,1353,Three
E07000084,450,1228,Three
E07000085,160,1276,Three
E07000086,490,1165,Three
E07000087,330,1165,Three
E07000088,420,1029,Three
E07000089,260,1357,Three
E07000090,240,1132,Three
E07000091,490,1248,Three
E07000092,310,1298,Three
E07000093,300,1211,Three
E07000094,310,1351,Three
E07000105,390,1127,Three
E07000106,360,1197,Three
E07000107,220,1428,Three
E07000108,310,913,Three
E07000112,270,921,Three
E07000109,320,1200,Three
E07000110,270,1209,Three
E07000111,200,1690,Three
E07000113,260,1068,Three
E07000114,190,1020,Three
E07000115,200,1401,Three
E07000116,220,1479,Three
E07000177,330,1234,Three
E07000178,450,1638,Three
E07000179,270,1384,Three
E07000180,280,1244,Three
E07000181,140,1341,Three
E07000207,220,1899,Three
E07000208,110,1658,Three
E07000209,300,1599,Three
E07000210,90,1735,Three
E07000211,140,1606,Three
E07000212,150,1450,Three
E07000213,90,1533,Three
E07000214,220,1389,Three
E07000215,120,1642,Three
E07000216,170,1575,Three
E07000217,250,1634,Three
E07000223,70,1369,Three
E07000224,290,1198,Three
E07000225,350,1308,Three
E07000226,250,1380,Three
E07000227,350,1423,Three
E07000228,240,1403,Three
E07000229,240,1290,Three
E06000022,650,1425,Three
E06000058,1290,1266,Three
E06000023,840,1560,Three
E06000052,2440,937,Three
E06000059,830,1043,Three
E06000053,20,884,Three
E06000024,460,1082,Three
E06000026,930,886,Three
E06000025,570,1323,Three
E06000030,500,971,Three
E06000027,390,895,Three
E06000054,1230,1008,Three
E07000040,400,943,Three
E07000041,350,1207,Three
E07000042,310,900,Three
E07000043,250,842,Three
E07000044,260,1025,Three
E07000045,270,1009,Three
E07000046,180,787,Three
E07000047,210,821,Three
E07000078,250,1219,Three
E07000079,140,1205,Three
E07000080,90,839,Three
E07000081,160,1009,Three
E07000082,170,1021,Three
E07000083,290,953,Three
E07000187,270,1066,Three
E07000188,310,948,Three
E07000246,470,952,Three
E07000189,610,909,Three
E06000047,310,901,Four
E06000005,120,941,Four
E06000001,20,725,Four
E06000002,40,780,Four
E06000057,130,1105,Four
E06000003,40,855,Four
E06000004,110,990,Four
E08000037,40,914,Four
E08000021,220,1671,Four
E08000022,60,1037,Four
E08000023,30,907,Four
E08000024,70,893,Four
E06000008,70,902,Four
E06000009,90,797,Four
E06000049,400,1872,Four
E06000050,210,1371,Four
E06000006,60,1056,Four
E06000007,120,1326,Four
E07000026,60,832,Four
E07000027,40,919,Four
E07000028,100,860,Four
E07000029,40,765,Four
E07000030,50,885,Four
E07000031,90,1210,Four
E08000001,80,1203,Four
E08000002,40,1209,Four
E08000003,360,1871,Four
E08000004,40,1083,Four
E08000005,40,1110,Four
E08000006,70,1379,Four
E08000007,130,1554,Four
E08000008,30,1067,Four
E08000009,140,2005,Four
E08000010,130,942,Four
E07000117,40,838,Four
E07000118,80,1142,Four
E07000119,60,1332,Four
E07000120,30,817,Four
E07000121,130,906,Four
E07000122,30,918,Four
E07000123,70,1063,Four
E07000124,60,1306,Four
E07000125,30,974,Four
E07000126,50,1042,Four
E07000127,50,976,Four
E07000128,40,1064,Four
E08000011,20,1035,Four
E08000012,150,1064,Four
E08000014,80,1290,Four
E08000013,50,1119,Four
E08000015,160,1064,Four
E06000011,120,1023,Four
E06000010,60,809,Four
E06000012,40,873,Four
E06000013,70,809,Four
E06000014,260,1737,Four
E07000163,30,1064,Four
E07000164,60,1164,Four
E07000165,250,1783,Four
E07000166,50,955,Four
E07000167,60,1103,Four
E07000168,40,805,Four
E07000169,60,1356,Four
E08000016,60,845,Four
E08000017,130,928,Four
E08000018,100,936,Four
E08000019,260,1204,Four
E08000032,170,1014,Four
E08000033,100,980,Four
E08000034,170,1052,Four
E08000035,790,1960,Four
E08000036,110,1081,Four
E06000015,200,1072,Four
E06000016,160,1405,Four
E06000018,170,1345,Four
E06000017,50,1374,Four
E07000032,60,1050,Four
E07000033,60,962,Four
E07000034,60,954,Four
E07000035,70,1298,Four
E07000036,40,1094,Four
E07000037,20,1119,Four
E07000038,50,1034,Four
E07000039,70,1159,Four
E07000129,30,1178,Four
E07000130,120,1252,Four
E07000131,20,1420,Four
E07000132,50,1124,Four
E07000133,70,1276,Four
E07000134,70,1173,Four
E07000135,40,1211,Four
E07000136,80,955,Four
E07000137,110,900,Four
E07000138,90,1072,Four
E07000139,120,1075,Four
E07000140,60,977,Four
E07000141,180,1257,Four
E07000142,80,965,Four
E07000150,60,1173,Four
E07000151,60,1599,Four
E07000152,60,1369,Four
E07000153,50,1191,Four
E07000154,140,1291,Four
E07000155,50,1546,Four
E07000156,30,1141,Four
E07000170,60,920,Four
E07000171,50,989,Four
E07000172,70,1243,Four
E07000173,60,1155,Four
E07000174,100,951,Four
E07000175,70,1067,Four
E07000176,110,1402,Four
E06000019,120,1229,Four
E06000051,130,1238,Four
E06000021,90,860,Four
E06000020,100,1083,Four
E07000192,40,1139,Four
E07000193,80,1172,Four
E07000194,90,1429,Four
E07000195,80,1255,Four
E07000196,30,1193,Four
E07000197,120,1111,Four
E07000198,30,1006,Four
E07000199,40,1232,Four
E07000218,40,1359,Four
E07000219,50,1081,Four
E07000220,50,1389,Four
E07000221,110,1849,Four
E07000222,150,1628,Four
E08000025,280,1336,Four
E08000026,110,1296,Four
E08000027,50,1078,Four
E08000028,60,1064,Four
E08000029,190,1715,Four
E08000030,60,1140,Four
E08000031,30,1145,Four
E07000234,30,1480,Four
E07000235,30,1443,Four
E07000236,20,1209,Four
E07000237,40,1165,Four
E07000238,80,1396,Four
E07000239,30,1117,Four
E06000055,180,1467,Four
E06000056,180,1670,Four
E06000032,100,1481,Four
E06000031,270,1219,Four
E06000033,150,1614,Four
E06000034,130,1667,Four
E07000008,180,2340,Four
E07000009,100,1560,Four
E07000010,70,1150,Four
E07000011,230,1467,Four
E07000012,200,1682,Four
E07000066,140,1682,Four
E07000067,80,1655,Four
E07000068,90,2496,Four
E07000069,70,1556,Four
E07000070,160,1715,Four
E07000071,160,1424,Four
E07000072,50,2351,Four
E07000073,40,1536,Four
E07000074,30,1598,Four
E07000075,50,1760,Four
E07000076,110,1294,Four
E07000077,120,1683,Four
E07000095,30,1927,Four
E07000096,80,2072,Four
E07000242,130,2226,Four
E07000098,70,2572,Four
E07000099,60,1861,Four
E07000240,120,2809,Four
E07000243,40,1614,Four
E07000102,50,2441,Four
E07000103,40,2205,Four
E07000241,80,2110,Four
E07000143,170,1333,Four
E07000144,90,1308,Four
E07000145,60,947,Four
E07000146,160,1368,Four
E07000147,60,1305,Four
E07000148,260,1577,Four
E07000149,90,1400,Four
E07000200,50,1258,Four
E07000244,120,1131,Four
E07000202,80,1102,Four
E07000203,40,1375,Four
E07000245,440,1571,Four
E09000007,60,4431,Four
E09000012,60,3188,Four
E09000013,120,4849,Four
E09000014,110,3071,Four
E09000019,50,3544,Four
E09000020,110,8235,Four
E09000022,100,3252,Four
E09000023,100,2414,Four
E09000025,100,2118,Four
E09000028,160,3332,Four
E09000030,30,2947,Four
E09000032,170,3438,Four
E09000033,30,11941,Four
E09000002,40,1844,Four
E09000003,200,2839,Four
E09000004,70,1680,Four
E09000005,50,2430,Four
E09000006,170,2633,Four
E09000008,130,2161,Four
E09000009,150,2803,Four
E09000010,60,2311,Four
E09000011,90,2354,Four
E09000015,130,2377,Four
E09000016,50,1899,Four
E09000017,210,2116,Four
E09000018,100,2534,Four
E09000021,50,2554,Four
E09000024,80,3165,Four
E09000026,120,2138,Four
E09000027,90,3864,Four
E09000029,50,2311,Four
E09000031,80,2131,Four
E06000036,110,1890,Four
E06000043,360,2615,Four
E06000060,350,2246,Four
E06000046,150,1219,Four
E06000035,120,1452,Four
E06000042,230,1639,Four
E06000044,230,2112,Four
E06000038,210,1911,Four
E06000039,40,1950,Four
E06000045,230,1513,Four
E06000037,120,1836,Four
E06000040,170,2620,Four
E06000041,320,1810,Four
E07000061,50,1446,Four
E07000062,60,1276,Four
E07000063,60,2108,Four
E07000064,40,1756,Four
E07000065,110,2070,Four
E07000084,140,1678,Four
E07000085,40,1894,Four
E07000086,90,1562,Four
E07000087,100,1638,Four
E07000088,70,1347,Four
E07000089,90,2009,Four
E07000090,40,1456,Four
E07000091,160,1807,Four
E07000092,60,1772,Four
E07000093,110,1761,Four
E07000094,240,2128,Four
E07000105,100,1609,Four
E07000106,240,1814,Four
E07000107,60,1869,Four
E07000108,60,1327,Four
E07000112,90,1244,Four
E07000109,60,1593,Four
E07000110,100,1637,Four
E07000111,90,2952,Four
E07000113,60,1475,Four
E07000114,50,1275,Four
E07000115,80,2172,Four
E07000116,70,2370,Four
E07000177,90,1925,Four
E07000178,280,2695,Four
E07000179,110,2058,Four
E07000180,100,1957,Four
E07000181,60,2036,Four
E07000207,120,3003,Four
E07000208,60,2477,Four
E07000209,200,2340,Four
E07000210,40,2525,Four
E07000211,40,2136,Four
E07000212,110,2074,Four
E07000213,30,2041,Four
E07000214,120,2121,Four
E07000215,50,2521,Four
E07000216,60,2358,Four
E07000217,150,2661,Four
E07000223,20,1728,Four
E07000224,70,1580,Four
E07000225,80,1941,Four
E07000226,70,1758,Four
E07000227,140,2215,Four
E07000228,80,1876,Four
E07000229,60,1708,Four
E06000022,810,2503,Four
E06000058,730,1923,Four
E06000023,960,2806,Four
E06000052,700,1553,Four
E06000059,240,1547,Four
E06000053,10,1238,Four
E06000024,130,1464,Four
E06000026,240,1380,Four
E06000025,280,2218,Four
E06000030,130,1273,Four
E06000027,100,1211,Four
E06000054,390,1510,Four
E07000040,110,1315,Four
E07000041,190,2287,Four
E07000042,70,1356,Four
E07000043,70,1153,Four
E07000044,80,1514,Four
E07000045,80,1372,Four
E07000046,50,1134,Four
E07000047,80,1218,Four
E07000078,80,1864,Four
E07000079,50,2076,Four
E07000080,20,1459,Four
E07000081,80,1377,Four
E07000082,60,1476,Four
E07000083,70,1543,Four
E07000187,110,1760,Four
E07000188,90,1222,Four
E07000246,120,1282,Four
E07000189,150,1492,Four
